,Epoch,Training loss,Validation loss
0,1.0,0.34876568703090444,0.2831510975956917
